accession	study	object_status	bioproject_accession	biosample_accession	sample_name	library_ID	title	library_strategy	library_source	library_selection	library_layout	platform	instrument_model	design_description	filetype	filename	filename2	filename3	filename4	assembly	fasta_file
SRR24056657	SRP430712	new	PRJNA951786	SAMN34060049	CL_1	=A2	WGS of Crassostrea virginica	WGS	GENOMIC	RANDOM	paired	ILLUMINA	Illumina HiSeq X	Purified genomic DNA from each individual was used to prepare paired-end libraries (Lucigen Shotgun library preparation, PCR free) and sequenced on an Illumina HiSeq X PE 150 bp platform to 10-20X coverage at the Centre d Expertise et de Services, Genome Quebec	fastq	CL_1.F.fq.gz	CL_1.R.fq.gz				
SRR24056656	SRP430712	new	PRJNA951786	SAMN34060050	CL_2	=A3	WGS of Crassostrea virginica	WGS	GENOMIC	RANDOM	paired	ILLUMINA	Illumina HiSeq X	Purified genomic DNA from each individual was used to prepare paired-end libraries (Lucigen Shotgun library preparation, PCR free) and sequenced on an Illumina HiSeq X PE 150 bp platform to 10-20X coverage at the Centre d Expertise et de Services, Genome Quebec	fastq	CL_2.F.fq.gz	CL_2.R.fq.gz				
SRR24056614	SRP430712	new	PRJNA951786	SAMN34060051	CL_3	=A4	WGS of Crassostrea virginica	WGS	GENOMIC	RANDOM	paired	ILLUMINA	Illumina HiSeq X	Purified genomic DNA from each individual was used to prepare paired-end libraries (Lucigen Shotgun library preparation, PCR free) and sequenced on an Illumina HiSeq X PE 150 bp platform to 10-20X coverage at the Centre d Expertise et de Services, Genome Quebec	fastq	CL_3.F.fq.gz	CL_3.R.fq.gz				
SRR24056603	SRP430712	new	PRJNA951786	SAMN34060052	CL_4	=A5	WGS of Crassostrea virginica	WGS	GENOMIC	RANDOM	paired	ILLUMINA	Illumina HiSeq X	Purified genomic DNA from each individual was used to prepare paired-end libraries (Lucigen Shotgun library preparation, PCR free) and sequenced on an Illumina HiSeq X PE 150 bp platform to 10-20X coverage at the Centre d Expertise et de Services, Genome Quebec	fastq	CL_4.F.fq.gz	CL_4.R.fq.gz				
SRR24056651	SRP430712	new	PRJNA951786	SAMN34060053	CL_5	=A6	WGS of Crassostrea virginica	WGS	GENOMIC	RANDOM	paired	ILLUMINA	Illumina HiSeq X	Purified genomic DNA from each individual was used to prepare paired-end libraries (Lucigen Shotgun library preparation, PCR free) and sequenced on an Illumina HiSeq X PE 150 bp platform to 10-20X coverage at the Centre d Expertise et de Services, Genome Quebec	fastq	CL_5.F.fq.gz	CL_5.R.fq.gz				
SRR24056640	SRP430712	new	PRJNA951786	SAMN34060054	CL_6	=A7	WGS of Crassostrea virginica	WGS	GENOMIC	RANDOM	paired	ILLUMINA	Illumina HiSeq X	Purified genomic DNA from each individual was used to prepare paired-end libraries (Lucigen Shotgun library preparation, PCR free) and sequenced on an Illumina HiSeq X PE 150 bp platform to 10-20X coverage at the Centre d Expertise et de Services, Genome Quebec	fastq	CL_6.F.fq.gz	CL_6.R.fq.gz				
SRR24056629	SRP430712	new	PRJNA951786	SAMN34060055	CLP_1	=A8	WGS of Crassostrea virginica	WGS	GENOMIC	RANDOM	paired	ILLUMINA	Illumina HiSeq X	Purified genomic DNA from each individual was used to prepare paired-end libraries (Lucigen Shotgun library preparation, PCR free) and sequenced on an Illumina HiSeq X PE 150 bp platform to 10-20X coverage at the Centre d Expertise et de Services, Genome Quebec	fastq	CLP_1.F.fq.gz	CLP_1.R.fq.gz				
SRR24056587	SRP430712	new	PRJNA951786	SAMN34060056	CLP_2	=A9	WGS of Crassostrea virginica	WGS	GENOMIC	RANDOM	paired	ILLUMINA	Illumina HiSeq X	Purified genomic DNA from each individual was used to prepare paired-end libraries (Lucigen Shotgun library preparation, PCR free) and sequenced on an Illumina HiSeq X PE 150 bp platform to 10-20X coverage at the Centre d Expertise et de Services, Genome Quebec	fastq	CLP_2.F.fq.gz	CLP_2.R.fq.gz				
SRR24056576	SRP430712	new	PRJNA951786	SAMN34060057	CLP_3	=A10	WGS of Crassostrea virginica	WGS	GENOMIC	RANDOM	paired	ILLUMINA	Illumina HiSeq X	Purified genomic DNA from each individual was used to prepare paired-end libraries (Lucigen Shotgun library preparation, PCR free) and sequenced on an Illumina HiSeq X PE 150 bp platform to 10-20X coverage at the Centre d Expertise et de Services, Genome Quebec	fastq	CLP_3.F.fq.gz	CLP_3.R.fq.gz				
SRR24056623	SRP430712	new	PRJNA951786	SAMN34060058	CLP_4	=A11	WGS of Crassostrea virginica	WGS	GENOMIC	RANDOM	paired	ILLUMINA	Illumina HiSeq X	Purified genomic DNA from each individual was used to prepare paired-end libraries (Lucigen Shotgun library preparation, PCR free) and sequenced on an Illumina HiSeq X PE 150 bp platform to 10-20X coverage at the Centre d Expertise et de Services, Genome Quebec	fastq	CLP_4.F.fq.gz	CLP_4.R.fq.gz				
SRR24056655	SRP430712	new	PRJNA951786	SAMN34060059	CLP_5	=A12	WGS of Crassostrea virginica	WGS	GENOMIC	RANDOM	paired	ILLUMINA	Illumina HiSeq X	Purified genomic DNA from each individual was used to prepare paired-end libraries (Lucigen Shotgun library preparation, PCR free) and sequenced on an Illumina HiSeq X PE 150 bp platform to 10-20X coverage at the Centre d Expertise et de Services, Genome Quebec	fastq	CLP_5.F.fq.gz	CLP_5.R.fq.gz				
SRR24056624	SRP430712	new	PRJNA951786	SAMN34060060	CLP_6	=A13	WGS of Crassostrea virginica	WGS	GENOMIC	RANDOM	paired	ILLUMINA	Illumina HiSeq X	Purified genomic DNA from each individual was used to prepare paired-end libraries (Lucigen Shotgun library preparation, PCR free) and sequenced on an Illumina HiSeq X PE 150 bp platform to 10-20X coverage at the Centre d Expertise et de Services, Genome Quebec	fastq	CLP_6.F.fq.gz	CLP_6.R.fq.gz				
SRR24056622	SRP430712	new	PRJNA951786	SAMN34060061	CS_1	=A14	WGS of Crassostrea virginica	WGS	GENOMIC	RANDOM	paired	ILLUMINA	Illumina HiSeq X	Purified genomic DNA from each individual was used to prepare paired-end libraries (Lucigen Shotgun library preparation, PCR free) and sequenced on an Illumina HiSeq X PE 150 bp platform to 10-20X coverage at the Centre d Expertise et de Services, Genome Quebec	fastq	CS_1.F.fq.gz	CS_1.R.fq.gz				
SRR24056621	SRP430712	new	PRJNA951786	SAMN34060062	CS_2	=A15	WGS of Crassostrea virginica	WGS	GENOMIC	RANDOM	paired	ILLUMINA	Illumina HiSeq X	Purified genomic DNA from each individual was used to prepare paired-end libraries (Lucigen Shotgun library preparation, PCR free) and sequenced on an Illumina HiSeq X PE 150 bp platform to 10-20X coverage at the Centre d Expertise et de Services, Genome Quebec	fastq	CS_2.F.fq.gz	CS_2.R.fq.gz				
SRR24056620	SRP430712	new	PRJNA951786	SAMN34060063	CS_3	=A16	WGS of Crassostrea virginica	WGS	GENOMIC	RANDOM	paired	ILLUMINA	Illumina HiSeq X	Purified genomic DNA from each individual was used to prepare paired-end libraries (Lucigen Shotgun library preparation, PCR free) and sequenced on an Illumina HiSeq X PE 150 bp platform to 10-20X coverage at the Centre d Expertise et de Services, Genome Quebec	fastq	CS_3.F.fq.gz	CS_3.R.fq.gz				
SRR24056619	SRP430712	new	PRJNA951786	SAMN34060064	CS_5	=A17	WGS of Crassostrea virginica	WGS	GENOMIC	RANDOM	paired	ILLUMINA	Illumina HiSeq X	Purified genomic DNA from each individual was used to prepare paired-end libraries (Lucigen Shotgun library preparation, PCR free) and sequenced on an Illumina HiSeq X PE 150 bp platform to 10-20X coverage at the Centre d Expertise et de Services, Genome Quebec	fastq	CS_5.F.fq.gz	CS_5.R.fq.gz				
SRR24056618	SRP430712	new	PRJNA951786	SAMN34060065	CS_6	=A18	WGS of Crassostrea virginica	WGS	GENOMIC	RANDOM	paired	ILLUMINA	Illumina HiSeq X	Purified genomic DNA from each individual was used to prepare paired-end libraries (Lucigen Shotgun library preparation, PCR free) and sequenced on an Illumina HiSeq X PE 150 bp platform to 10-20X coverage at the Centre d Expertise et de Services, Genome Quebec	fastq	CS_6.F.fq.gz	CS_6.R.fq.gz				
SRR24056617	SRP430712	new	PRJNA951786	SAMN34060066	CS_7	=A19	WGS of Crassostrea virginica	WGS	GENOMIC	RANDOM	paired	ILLUMINA	Illumina HiSeq X	Purified genomic DNA from each individual was used to prepare paired-end libraries (Lucigen Shotgun library preparation, PCR free) and sequenced on an Illumina HiSeq X PE 150 bp platform to 10-20X coverage at the Centre d Expertise et de Services, Genome Quebec	fastq	CS_7.F.fq.gz	CS_7.R.fq.gz				
SRR24056616	SRP430712	new	PRJNA951786	SAMN34060067	DEBY_1	=A20	WGS of Crassostrea virginica	WGS	GENOMIC	RANDOM	paired	ILLUMINA	Illumina HiSeq X	Purified genomic DNA from each individual was used to prepare paired-end libraries (Lucigen Shotgun library preparation, PCR free) and sequenced on an Illumina HiSeq X PE 150 bp platform to 10-20X coverage at the Centre d Expertise et de Services, Genome Quebec	fastq	DEBY_1.F.fq.gz	DEBY_1.R.fq.gz				
SRR24056615	SRP430712	new	PRJNA951786	SAMN34060068	DEBY_2	=A21	WGS of Crassostrea virginica	WGS	GENOMIC	RANDOM	paired	ILLUMINA	Illumina HiSeq X	Purified genomic DNA from each individual was used to prepare paired-end libraries (Lucigen Shotgun library preparation, PCR free) and sequenced on an Illumina HiSeq X PE 150 bp platform to 10-20X coverage at the Centre d Expertise et de Services, Genome Quebec	fastq	DEBY_2.F.fq.gz	DEBY_2.R.fq.gz				
SRR24056613	SRP430712	new	PRJNA951786	SAMN34060069	DEBY_3	=A22	WGS of Crassostrea virginica	WGS	GENOMIC	RANDOM	paired	ILLUMINA	Illumina HiSeq X	Purified genomic DNA from each individual was used to prepare paired-end libraries (Lucigen Shotgun library preparation, PCR free) and sequenced on an Illumina HiSeq X PE 150 bp platform to 10-20X coverage at the Centre d Expertise et de Services, Genome Quebec	fastq	DEBY_3.F.fq.gz	DEBY_3.R.fq.gz				
SRR24056612	SRP430712	new	PRJNA951786	SAMN34060070	DEBY_4	=A23	WGS of Crassostrea virginica	WGS	GENOMIC	RANDOM	paired	ILLUMINA	Illumina HiSeq X	Purified genomic DNA from each individual was used to prepare paired-end libraries (Lucigen Shotgun library preparation, PCR free) and sequenced on an Illumina HiSeq X PE 150 bp platform to 10-20X coverage at the Centre d Expertise et de Services, Genome Quebec	fastq	DEBY_4.F.fq.gz	DEBY_4.R.fq.gz				
SRR24056611	SRP430712	new	PRJNA951786	SAMN34060071	DEBY_5	=A24	WGS of Crassostrea virginica	WGS	GENOMIC	RANDOM	paired	ILLUMINA	Illumina HiSeq X	Purified genomic DNA from each individual was used to prepare paired-end libraries (Lucigen Shotgun library preparation, PCR free) and sequenced on an Illumina HiSeq X PE 150 bp platform to 10-20X coverage at the Centre d Expertise et de Services, Genome Quebec	fastq	DEBY_5.F.fq.gz	DEBY_5.R.fq.gz				
SRR24056610	SRP430712	new	PRJNA951786	SAMN34060072	DEBY_6	=A25	WGS of Crassostrea virginica	WGS	GENOMIC	RANDOM	paired	ILLUMINA	Illumina HiSeq X	Purified genomic DNA from each individual was used to prepare paired-end libraries (Lucigen Shotgun library preparation, PCR free) and sequenced on an Illumina HiSeq X PE 150 bp platform to 10-20X coverage at the Centre d Expertise et de Services, Genome Quebec	fastq	DEBY_6.F.fq.gz	DEBY_6.R.fq.gz				
SRR24056609	SRP430712	new	PRJNA951786	SAMN34060073	HC_1	=A26	WGS of Crassostrea virginica	WGS	GENOMIC	RANDOM	paired	ILLUMINA	Illumina HiSeq X	Purified genomic DNA from each individual was used to prepare paired-end libraries (Lucigen Shotgun library preparation, PCR free) and sequenced on an Illumina HiSeq X PE 150 bp platform to 10-20X coverage at the Centre d Expertise et de Services, Genome Quebec	fastq	HC_1.F.fq.gz	HC_1.R.fq.gz				
SRR24056608	SRP430712	new	PRJNA951786	SAMN34060074	HC_3	=A27	WGS of Crassostrea virginica	WGS	GENOMIC	RANDOM	paired	ILLUMINA	Illumina HiSeq X	Purified genomic DNA from each individual was used to prepare paired-end libraries (Lucigen Shotgun library preparation, PCR free) and sequenced on an Illumina HiSeq X PE 150 bp platform to 10-20X coverage at the Centre d Expertise et de Services, Genome Quebec	fastq	HC_3.F.fq.gz	HC_3.R.fq.gz				
SRR24056607	SRP430712	new	PRJNA951786	SAMN34060075	HC_4	=A28	WGS of Crassostrea virginica	WGS	GENOMIC	RANDOM	paired	ILLUMINA	Illumina HiSeq X	Purified genomic DNA from each individual was used to prepare paired-end libraries (Lucigen Shotgun library preparation, PCR free) and sequenced on an Illumina HiSeq X PE 150 bp platform to 10-20X coverage at the Centre d Expertise et de Services, Genome Quebec	fastq	HC_4.F.fq.gz	HC_4.R.fq.gz				
SRR24056606	SRP430712	new	PRJNA951786	SAMN34060076	HC_5	=A29	WGS of Crassostrea virginica	WGS	GENOMIC	RANDOM	paired	ILLUMINA	Illumina HiSeq X	Purified genomic DNA from each individual was used to prepare paired-end libraries (Lucigen Shotgun library preparation, PCR free) and sequenced on an Illumina HiSeq X PE 150 bp platform to 10-20X coverage at the Centre d Expertise et de Services, Genome Quebec	fastq	HC_5.F.fq.gz	HC_5.R.fq.gz				
SRR24056605	SRP430712	new	PRJNA951786	SAMN34060077	HC_6	=A30	WGS of Crassostrea virginica	WGS	GENOMIC	RANDOM	paired	ILLUMINA	Illumina HiSeq X	Purified genomic DNA from each individual was used to prepare paired-end libraries (Lucigen Shotgun library preparation, PCR free) and sequenced on an Illumina HiSeq X PE 150 bp platform to 10-20X coverage at the Centre d Expertise et de Services, Genome Quebec	fastq	HC_6.F.fq.gz	HC_6.R.fq.gz				
SRR24056604	SRP430712	new	PRJNA951786	SAMN34060078	HC_7	=A31	WGS of Crassostrea virginica	WGS	GENOMIC	RANDOM	paired	ILLUMINA	Illumina HiSeq X	Purified genomic DNA from each individual was used to prepare paired-end libraries (Lucigen Shotgun library preparation, PCR free) and sequenced on an Illumina HiSeq X PE 150 bp platform to 10-20X coverage at the Centre d Expertise et de Services, Genome Quebec	fastq	HC_7.F.fq.gz	HC_7.R.fq.gz				
SRR24056602	SRP430712	new	PRJNA951786	SAMN34060079	HC_VA_1	=A32	WGS of Crassostrea virginica	WGS	GENOMIC	RANDOM	paired	ILLUMINA	Illumina HiSeq X	Purified genomic DNA from each individual was used to prepare paired-end libraries (Lucigen Shotgun library preparation, PCR free) and sequenced on an Illumina HiSeq X PE 150 bp platform to 10-20X coverage at the Centre d Expertise et de Services, Genome Quebec	fastq	HC_VA_1.F.fq.gz	HC_VA_1.R.fq.gz				
SRR24056601	SRP430712	new	PRJNA951786	SAMN34060080	HC_VA_2	=A33	WGS of Crassostrea virginica	WGS	GENOMIC	RANDOM	paired	ILLUMINA	Illumina HiSeq X	Purified genomic DNA from each individual was used to prepare paired-end libraries (Lucigen Shotgun library preparation, PCR free) and sequenced on an Illumina HiSeq X PE 150 bp platform to 10-20X coverage at the Centre d Expertise et de Services, Genome Quebec	fastq	HC_VA_2.F.fq.gz	HC_VA_2.R.fq.gz				
SRR24056600	SRP430712	new	PRJNA951786	SAMN34060081	HC_VA_3	=A34	WGS of Crassostrea virginica	WGS	GENOMIC	RANDOM	paired	ILLUMINA	Illumina HiSeq X	Purified genomic DNA from each individual was used to prepare paired-end libraries (Lucigen Shotgun library preparation, PCR free) and sequenced on an Illumina HiSeq X PE 150 bp platform to 10-20X coverage at the Centre d Expertise et de Services, Genome Quebec	fastq	HC_VA_3.F.fq.gz	HC_VA_3.R.fq.gz				
SRR24056599	SRP430712	new	PRJNA951786	SAMN34060082	HC_VA_4	=A35	WGS of Crassostrea virginica	WGS	GENOMIC	RANDOM	paired	ILLUMINA	Illumina HiSeq X	Purified genomic DNA from each individual was used to prepare paired-end libraries (Lucigen Shotgun library preparation, PCR free) and sequenced on an Illumina HiSeq X PE 150 bp platform to 10-20X coverage at the Centre d Expertise et de Services, Genome Quebec	fastq	HC_VA_4.F.fq.gz	HC_VA_4.R.fq.gz				
SRR24056598	SRP430712	new	PRJNA951786	SAMN34060083	HC_VA_5	=A36	WGS of Crassostrea virginica	WGS	GENOMIC	RANDOM	paired	ILLUMINA	Illumina HiSeq X	Purified genomic DNA from each individual was used to prepare paired-end libraries (Lucigen Shotgun library preparation, PCR free) and sequenced on an Illumina HiSeq X PE 150 bp platform to 10-20X coverage at the Centre d Expertise et de Services, Genome Quebec	fastq	HC_VA_5.F.fq.gz	HC_VA_5.R.fq.gz				
SRR24056597	SRP430712	new	PRJNA951786	SAMN34060084	HC_VA_6	=A37	WGS of Crassostrea virginica	WGS	GENOMIC	RANDOM	paired	ILLUMINA	Illumina HiSeq X	Purified genomic DNA from each individual was used to prepare paired-end libraries (Lucigen Shotgun library preparation, PCR free) and sequenced on an Illumina HiSeq X PE 150 bp platform to 10-20X coverage at the Centre d Expertise et de Services, Genome Quebec	fastq	HC_VA_6.F.fq.gz	HC_VA_6.R.fq.gz				
SRR24056596	SRP430712	new	PRJNA951786	SAMN34060085	HG_HG0F2	=A38	WGS of Crassostrea virginica	WGS	GENOMIC	RANDOM	paired	ILLUMINA	Illumina HiSeq X	Purified genomic DNA from each individual was used to prepare paired-end libraries (Lucigen Shotgun library preparation, PCR free) and sequenced on an Illumina HiSeq X PE 150 bp platform to 10-20X coverage at the Centre d Expertise et de Services, Genome Quebec	fastq	HG_HG0F2.F.fq.gz	HG_HG0F2.R.fq.gz				
SRR24056654	SRP430712	new	PRJNA951786	SAMN34060086	HG_HG2F1	=A39	WGS of Crassostrea virginica	WGS	GENOMIC	RANDOM	paired	ILLUMINA	Illumina HiSeq X	Purified genomic DNA from each individual was used to prepare paired-end libraries (Lucigen Shotgun library preparation, PCR free) and sequenced on an Illumina HiSeq X PE 150 bp platform to 10-20X coverage at the Centre d Expertise et de Services, Genome Quebec	fastq	HG_HG2F1.F.fq.gz	HG_HG2F1.R.fq.gz				
SRR24056653	SRP430712	new	PRJNA951786	SAMN34060087	HG_HG2M5	=A40	WGS of Crassostrea virginica	WGS	GENOMIC	RANDOM	paired	ILLUMINA	Illumina HiSeq X	Purified genomic DNA from each individual was used to prepare paired-end libraries (Lucigen Shotgun library preparation, PCR free) and sequenced on an Illumina HiSeq X PE 150 bp platform to 10-20X coverage at the Centre d Expertise et de Services, Genome Quebec	fastq	HG_HG2M5.F.fq.gz	HG_HG2M5.R.fq.gz				
SRR24056652	SRP430712	new	PRJNA951786	SAMN34060088	HI_1	=A41	WGS of Crassostrea virginica	WGS	GENOMIC	RANDOM	paired	ILLUMINA	Illumina HiSeq X	Purified genomic DNA from each individual was used to prepare paired-end libraries (Lucigen Shotgun library preparation, PCR free) and sequenced on an Illumina HiSeq X PE 150 bp platform to 10-20X coverage at the Centre d Expertise et de Services, Genome Quebec	fastq	HI_1.F.fq.gz	HI_1.R.fq.gz				
SRR24056650	SRP430712	new	PRJNA951786	SAMN34060089	HI_2	=A42	WGS of Crassostrea virginica	WGS	GENOMIC	RANDOM	paired	ILLUMINA	Illumina HiSeq X	Purified genomic DNA from each individual was used to prepare paired-end libraries (Lucigen Shotgun library preparation, PCR free) and sequenced on an Illumina HiSeq X PE 150 bp platform to 10-20X coverage at the Centre d Expertise et de Services, Genome Quebec	fastq	HI_2.F.fq.gz	HI_2.R.fq.gz				
SRR24056649	SRP430712	new	PRJNA951786	SAMN34060090	HI_3	=A43	WGS of Crassostrea virginica	WGS	GENOMIC	RANDOM	paired	ILLUMINA	Illumina HiSeq X	Purified genomic DNA from each individual was used to prepare paired-end libraries (Lucigen Shotgun library preparation, PCR free) and sequenced on an Illumina HiSeq X PE 150 bp platform to 10-20X coverage at the Centre d Expertise et de Services, Genome Quebec	fastq	HI_3.F.fq.gz	HI_3.R.fq.gz				
SRR24056648	SRP430712	new	PRJNA951786	SAMN34060091	HI_4	=A44	WGS of Crassostrea virginica	WGS	GENOMIC	RANDOM	paired	ILLUMINA	Illumina HiSeq X	Purified genomic DNA from each individual was used to prepare paired-end libraries (Lucigen Shotgun library preparation, PCR free) and sequenced on an Illumina HiSeq X PE 150 bp platform to 10-20X coverage at the Centre d Expertise et de Services, Genome Quebec	fastq	HI_4.F.fq.gz	HI_4.R.fq.gz				
SRR24056647	SRP430712	new	PRJNA951786	SAMN34060092	HI_5	=A45	WGS of Crassostrea virginica	WGS	GENOMIC	RANDOM	paired	ILLUMINA	Illumina HiSeq X	Purified genomic DNA from each individual was used to prepare paired-end libraries (Lucigen Shotgun library preparation, PCR free) and sequenced on an Illumina HiSeq X PE 150 bp platform to 10-20X coverage at the Centre d Expertise et de Services, Genome Quebec	fastq	HI_5.F.fq.gz	HI_5.R.fq.gz				
SRR24056646	SRP430712	new	PRJNA951786	SAMN34060093	HI_6	=A46	WGS of Crassostrea virginica	WGS	GENOMIC	RANDOM	paired	ILLUMINA	Illumina HiSeq X	Purified genomic DNA from each individual was used to prepare paired-end libraries (Lucigen Shotgun library preparation, PCR free) and sequenced on an Illumina HiSeq X PE 150 bp platform to 10-20X coverage at the Centre d Expertise et de Services, Genome Quebec	fastq	HI_6.F.fq.gz	HI_6.R.fq.gz				
SRR24056645	SRP430712	new	PRJNA951786	SAMN34060094	LM_1_pool	=A47	WGS of Crassostrea virginica	WGS	GENOMIC	RANDOM	paired	ILLUMINA	Illumina HiSeq X	Purified genomic DNA from each individual was used to prepare paired-end libraries (Lucigen Shotgun library preparation, PCR free) and sequenced on an Illumina HiSeq X PE 150 bp platform to 10-20X coverage at the Centre d Expertise et de Services, Genome Quebec	fastq	LM_1_pool.F.fq.gz	LM_1_pool.R.fq.gz				
SRR24056644	SRP430712	new	PRJNA951786	SAMN34060095	LM_2	=A48	WGS of Crassostrea virginica	WGS	GENOMIC	RANDOM	paired	ILLUMINA	Illumina HiSeq X	Purified genomic DNA from each individual was used to prepare paired-end libraries (Lucigen Shotgun library preparation, PCR free) and sequenced on an Illumina HiSeq X PE 150 bp platform to 10-20X coverage at the Centre d Expertise et de Services, Genome Quebec	fastq	LM_3.F.fq.gz	LM_3.R.fq.gz				
SRR24056643	SRP430712	new	PRJNA951786	SAMN34060096	LM_3	=A49	WGS of Crassostrea virginica	WGS	GENOMIC	RANDOM	paired	ILLUMINA	Illumina HiSeq X	Purified genomic DNA from each individual was used to prepare paired-end libraries (Lucigen Shotgun library preparation, PCR free) and sequenced on an Illumina HiSeq X PE 150 bp platform to 10-20X coverage at the Centre d Expertise et de Services, Genome Quebec	fastq	LM_4.F.fq.gz	LM_4.R.fq.gz				
SRR24056642	SRP430712	new	PRJNA951786	SAMN34060097	LM_4	=A50	WGS of Crassostrea virginica	WGS	GENOMIC	RANDOM	paired	ILLUMINA	Illumina HiSeq X	Purified genomic DNA from each individual was used to prepare paired-end libraries (Lucigen Shotgun library preparation, PCR free) and sequenced on an Illumina HiSeq X PE 150 bp platform to 10-20X coverage at the Centre d Expertise et de Services, Genome Quebec	fastq	LM_7.F.fq.gz	LM_7.R.fq.gz				
SRR24056641	SRP430712	new	PRJNA951786	SAMN34060098	LM_7	=A51	WGS of Crassostrea virginica	WGS	GENOMIC	RANDOM	paired	ILLUMINA	Illumina HiSeq X	Purified genomic DNA from each individual was used to prepare paired-end libraries (Lucigen Shotgun library preparation, PCR free) and sequenced on an Illumina HiSeq X PE 150 bp platform to 10-20X coverage at the Centre d Expertise et de Services, Genome Quebec	fastq	LM_8.F.fq.gz	LM_8.R.fq.gz				
SRR24056639	SRP430712	new	PRJNA951786	SAMN34060099	LM_8	=A52	WGS of Crassostrea virginica	WGS	GENOMIC	RANDOM	paired	ILLUMINA	Illumina HiSeq X	Purified genomic DNA from each individual was used to prepare paired-end libraries (Lucigen Shotgun library preparation, PCR free) and sequenced on an Illumina HiSeq X PE 150 bp platform to 10-20X coverage at the Centre d Expertise et de Services, Genome Quebec	fastq	LOLA_1.F.fq.gz	LOLA_1.R.fq.gz				
SRR24056638	SRP430712	new	PRJNA951786	SAMN34060100	LOLA_1	=A53	WGS of Crassostrea virginica	WGS	GENOMIC	RANDOM	paired	ILLUMINA	Illumina HiSeq X	Purified genomic DNA from each individual was used to prepare paired-end libraries (Lucigen Shotgun library preparation, PCR free) and sequenced on an Illumina HiSeq X PE 150 bp platform to 10-20X coverage at the Centre d Expertise et de Services, Genome Quebec	fastq	LOLA_2.F.fq.gz	LOLA_2.R.fq.gz				
SRR24056637	SRP430712	new	PRJNA951786	SAMN34060101	LOLA_2	=A54	WGS of Crassostrea virginica	WGS	GENOMIC	RANDOM	paired	ILLUMINA	Illumina HiSeq X	Purified genomic DNA from each individual was used to prepare paired-end libraries (Lucigen Shotgun library preparation, PCR free) and sequenced on an Illumina HiSeq X PE 150 bp platform to 10-20X coverage at the Centre d Expertise et de Services, Genome Quebec	fastq	LOLA_3.F.fq.gz	LOLA_3.R.fq.gz				
SRR24056636	SRP430712	new	PRJNA951786	SAMN34060102	LOLA_3	=A55	WGS of Crassostrea virginica	WGS	GENOMIC	RANDOM	paired	ILLUMINA	Illumina HiSeq X	Purified genomic DNA from each individual was used to prepare paired-end libraries (Lucigen Shotgun library preparation, PCR free) and sequenced on an Illumina HiSeq X PE 150 bp platform to 10-20X coverage at the Centre d Expertise et de Services, Genome Quebec	fastq	LOLA_4.F.fq.gz	LOLA_4.R.fq.gz				
SRR24056635	SRP430712	new	PRJNA951786	SAMN34060103	LOLA_4	=A56	WGS of Crassostrea virginica	WGS	GENOMIC	RANDOM	paired	ILLUMINA	Illumina HiSeq X	Purified genomic DNA from each individual was used to prepare paired-end libraries (Lucigen Shotgun library preparation, PCR free) and sequenced on an Illumina HiSeq X PE 150 bp platform to 10-20X coverage at the Centre d Expertise et de Services, Genome Quebec	fastq	LOLA_5.F.fq.gz	LOLA_5.R.fq.gz				
SRR24056634	SRP430712	new	PRJNA951786	SAMN34060104	LOLA_5	=A57	WGS of Crassostrea virginica	WGS	GENOMIC	RANDOM	paired	ILLUMINA	Illumina HiSeq X	Purified genomic DNA from each individual was used to prepare paired-end libraries (Lucigen Shotgun library preparation, PCR free) and sequenced on an Illumina HiSeq X PE 150 bp platform to 10-20X coverage at the Centre d Expertise et de Services, Genome Quebec	fastq	LOLA_6.F.fq.gz	LOLA_6.R.fq.gz				
SRR24056633	SRP430712	new	PRJNA951786	SAMN34060105	LOLA_6	=A58	WGS of Crassostrea virginica	WGS	GENOMIC	RANDOM	paired	ILLUMINA	Illumina HiSeq X	Purified genomic DNA from each individual was used to prepare paired-end libraries (Lucigen Shotgun library preparation, PCR free) and sequenced on an Illumina HiSeq X PE 150 bp platform to 10-20X coverage at the Centre d Expertise et de Services, Genome Quebec	fastq	NEH_1.F.fq.gz	NEH_1.R.fq.gz				
SRR24056632	SRP430712	new	PRJNA951786	SAMN34060106	NEH_1	=A59	WGS of Crassostrea virginica	WGS	GENOMIC	RANDOM	paired	ILLUMINA	Illumina HiSeq X	Purified genomic DNA from each individual was used to prepare paired-end libraries (Lucigen Shotgun library preparation, PCR free) and sequenced on an Illumina HiSeq X PE 150 bp platform to 10-20X coverage at the Centre d Expertise et de Services, Genome Quebec	fastq	NEH_2.F.fq.gz	NEH_2.R.fq.gz				
SRR24056631	SRP430712	new	PRJNA951786	SAMN34060107	NEH_2	=A60	WGS of Crassostrea virginica	WGS	GENOMIC	RANDOM	paired	ILLUMINA	Illumina HiSeq X	Purified genomic DNA from each individual was used to prepare paired-end libraries (Lucigen Shotgun library preparation, PCR free) and sequenced on an Illumina HiSeq X PE 150 bp platform to 10-20X coverage at the Centre d Expertise et de Services, Genome Quebec	fastq	NEH_3.F.fq.gz	NEH_3.R.fq.gz				
SRR24056630	SRP430712	new	PRJNA951786	SAMN34060108	NEH_3	=A61	WGS of Crassostrea virginica	WGS	GENOMIC	RANDOM	paired	ILLUMINA	Illumina HiSeq X	Purified genomic DNA from each individual was used to prepare paired-end libraries (Lucigen Shotgun library preparation, PCR free) and sequenced on an Illumina HiSeq X PE 150 bp platform to 10-20X coverage at the Centre d Expertise et de Services, Genome Quebec	fastq	NEH_4.F.fq.gz	NEH_4.R.fq.gz				
SRR24056628	SRP430712	new	PRJNA951786	SAMN34060109	NEH_4	=A62	WGS of Crassostrea virginica	WGS	GENOMIC	RANDOM	paired	ILLUMINA	Illumina HiSeq X	Purified genomic DNA from each individual was used to prepare paired-end libraries (Lucigen Shotgun library preparation, PCR free) and sequenced on an Illumina HiSeq X PE 150 bp platform to 10-20X coverage at the Centre d Expertise et de Services, Genome Quebec	fastq	NEH_5.F.fq.gz	NEH_5.R.fq.gz				
SRR24056627	SRP430712	new	PRJNA951786	SAMN34060110	NEH_5	=A63	WGS of Crassostrea virginica	WGS	GENOMIC	RANDOM	paired	ILLUMINA	Illumina HiSeq X	Purified genomic DNA from each individual was used to prepare paired-end libraries (Lucigen Shotgun library preparation, PCR free) and sequenced on an Illumina HiSeq X PE 150 bp platform to 10-20X coverage at the Centre d Expertise et de Services, Genome Quebec	fastq	NEH_6.F.fq.gz	NEH_6.R.fq.gz				
SRR24056595	SRP430712	new	PRJNA951786	SAMN34060111	NEH_6	=A64	WGS of Crassostrea virginica	WGS	GENOMIC	RANDOM	paired	ILLUMINA	Illumina HiSeq X	Purified genomic DNA from each individual was used to prepare paired-end libraries (Lucigen Shotgun library preparation, PCR free) and sequenced on an Illumina HiSeq X PE 150 bp platform to 10-20X coverage at the Centre d Expertise et de Services, Genome Quebec	fastq	NG_NH0H4.F.fq.gz	NG_NH0H4.R.fq.gz				
SRR24056594	SRP430712	new	PRJNA951786	SAMN34060112	NG_NH2F6	=A65	WGS of Crassostrea virginica	WGS	GENOMIC	RANDOM	paired	ILLUMINA	Illumina HiSeq X	Purified genomic DNA from each individual was used to prepare paired-end libraries (Lucigen Shotgun library preparation, PCR free) and sequenced on an Illumina HiSeq X PE 150 bp platform to 10-20X coverage at the Centre d Expertise et de Services, Genome Quebec	fastq	NG_NH2F6.F.fq.gz	NG_NH2F6.R.fq.gz				
SRR24056593	SRP430712	new	PRJNA951786	SAMN34060113	NG_NH2F8	=A66	WGS of Crassostrea virginica	WGS	GENOMIC	RANDOM	paired	ILLUMINA	Illumina HiSeq X	Purified genomic DNA from each individual was used to prepare paired-end libraries (Lucigen Shotgun library preparation, PCR free) and sequenced on an Illumina HiSeq X PE 150 bp platform to 10-20X coverage at the Centre d Expertise et de Services, Genome Quebec	fastq	NG_NH2F8.F.fq.gz	NG_NH2F8.R.fq.gz				
SRR24056592	SRP430712	new	PRJNA951786	SAMN34060114	NG_NH2M1	=A67	WGS of Crassostrea virginica	WGS	GENOMIC	RANDOM	paired	ILLUMINA	Illumina HiSeq X	Purified genomic DNA from each individual was used to prepare paired-end libraries (Lucigen Shotgun library preparation, PCR free) and sequenced on an Illumina HiSeq X PE 150 bp platform to 10-20X coverage at the Centre d Expertise et de Services, Genome Quebec	fastq	NG_NH2M1.F.fq.gz	NG_NH2M1.R.fq.gz				
SRR24056591	SRP430712	new	PRJNA951786	SAMN34060115	OBOYS2_1	=A68	WGS of Crassostrea virginica	WGS	GENOMIC	RANDOM	paired	ILLUMINA	Illumina HiSeq X	Purified genomic DNA from each individual was used to prepare paired-end libraries (Lucigen Shotgun library preparation, PCR free) and sequenced on an Illumina HiSeq X PE 150 bp platform to 10-20X coverage at the Centre d Expertise et de Services, Genome Quebec	fastq	OBOYS2_1.F.fq.gz	OBOYS2_1.R.fq.gz				
SRR24056590	SRP430712	new	PRJNA951786	SAMN34060116	OBOYS2_2	=A69	WGS of Crassostrea virginica	WGS	GENOMIC	RANDOM	paired	ILLUMINA	Illumina HiSeq X	Purified genomic DNA from each individual was used to prepare paired-end libraries (Lucigen Shotgun library preparation, PCR free) and sequenced on an Illumina HiSeq X PE 150 bp platform to 10-20X coverage at the Centre d Expertise et de Services, Genome Quebec	fastq	OBOYS2_2.F.fq.gz	OBOYS2_2.R.fq.gz				
SRR24056589	SRP430712	new	PRJNA951786	SAMN34060117	OBOYS2_3	=A70	WGS of Crassostrea virginica	WGS	GENOMIC	RANDOM	paired	ILLUMINA	Illumina HiSeq X	Purified genomic DNA from each individual was used to prepare paired-end libraries (Lucigen Shotgun library preparation, PCR free) and sequenced on an Illumina HiSeq X PE 150 bp platform to 10-20X coverage at the Centre d Expertise et de Services, Genome Quebec	fastq	OBOYS2_3.F.fq.gz	OBOYS2_3.R.fq.gz				
SRR24056588	SRP430712	new	PRJNA951786	SAMN34060118	OBOYS2_4	=A71	WGS of Crassostrea virginica	WGS	GENOMIC	RANDOM	paired	ILLUMINA	Illumina HiSeq X	Purified genomic DNA from each individual was used to prepare paired-end libraries (Lucigen Shotgun library preparation, PCR free) and sequenced on an Illumina HiSeq X PE 150 bp platform to 10-20X coverage at the Centre d Expertise et de Services, Genome Quebec	fastq	OBOYS2_4.F.fq.gz	OBOYS2_4.R.fq.gz				
SRR24056586	SRP430712	new	PRJNA951786	SAMN34060119	OBOYS2_5	=A72	WGS of Crassostrea virginica	WGS	GENOMIC	RANDOM	paired	ILLUMINA	Illumina HiSeq X	Purified genomic DNA from each individual was used to prepare paired-end libraries (Lucigen Shotgun library preparation, PCR free) and sequenced on an Illumina HiSeq X PE 150 bp platform to 10-20X coverage at the Centre d Expertise et de Services, Genome Quebec	fastq	OBOYS2_5.F.fq.gz	OBOYS2_5.R.fq.gz				
SRR24056585	SRP430712	new	PRJNA951786	SAMN34060120	OBOYS2_6	=A73	WGS of Crassostrea virginica	WGS	GENOMIC	RANDOM	paired	ILLUMINA	Illumina HiSeq X	Purified genomic DNA from each individual was used to prepare paired-end libraries (Lucigen Shotgun library preparation, PCR free) and sequenced on an Illumina HiSeq X PE 150 bp platform to 10-20X coverage at the Centre d Expertise et de Services, Genome Quebec	fastq	OBOYS2_6.F.fq.gz	OBOYS2_6.R.fq.gz				
SRR24056584	SRP430712	new	PRJNA951786	SAMN34060121	SL_1	=A74	WGS of Crassostrea virginica	WGS	GENOMIC	RANDOM	paired	ILLUMINA	Illumina HiSeq X	Purified genomic DNA from each individual was used to prepare paired-end libraries (Lucigen Shotgun library preparation, PCR free) and sequenced on an Illumina HiSeq X PE 150 bp platform to 10-20X coverage at the Centre d Expertise et de Services, Genome Quebec	fastq	SL_1.F.fq.gz	SL_1.R.fq.gz				
SRR24056583	SRP430712	new	PRJNA951786	SAMN34060122	SL_2	=A75	WGS of Crassostrea virginica	WGS	GENOMIC	RANDOM	paired	ILLUMINA	Illumina HiSeq X	Purified genomic DNA from each individual was used to prepare paired-end libraries (Lucigen Shotgun library preparation, PCR free) and sequenced on an Illumina HiSeq X PE 150 bp platform to 10-20X coverage at the Centre d Expertise et de Services, Genome Quebec	fastq	SL_2.F.fq.gz	SL_2.R.fq.gz				
SRR24056582	SRP430712	new	PRJNA951786	SAMN34060123	SL_3	=A76	WGS of Crassostrea virginica	WGS	GENOMIC	RANDOM	paired	ILLUMINA	Illumina HiSeq X	Purified genomic DNA from each individual was used to prepare paired-end libraries (Lucigen Shotgun library preparation, PCR free) and sequenced on an Illumina HiSeq X PE 150 bp platform to 10-20X coverage at the Centre d Expertise et de Services, Genome Quebec	fastq	SL_3.F.fq.gz	SL_3.R.fq.gz				
SRR24056581	SRP430712	new	PRJNA951786	SAMN34060124	SL_4	=A77	WGS of Crassostrea virginica	WGS	GENOMIC	RANDOM	paired	ILLUMINA	Illumina HiSeq X	Purified genomic DNA from each individual was used to prepare paired-end libraries (Lucigen Shotgun library preparation, PCR free) and sequenced on an Illumina HiSeq X PE 150 bp platform to 10-20X coverage at the Centre d Expertise et de Services, Genome Quebec	fastq	SL_4.F.fq.gz	SL_4.R.fq.gz				
SRR24056580	SRP430712	new	PRJNA951786	SAMN34060125	SL_5	=A78	WGS of Crassostrea virginica	WGS	GENOMIC	RANDOM	paired	ILLUMINA	Illumina HiSeq X	Purified genomic DNA from each individual was used to prepare paired-end libraries (Lucigen Shotgun library preparation, PCR free) and sequenced on an Illumina HiSeq X PE 150 bp platform to 10-20X coverage at the Centre d Expertise et de Services, Genome Quebec	fastq	SL_5.F.fq.gz	SL_5.R.fq.gz				
SRR24056579	SRP430712	new	PRJNA951786	SAMN34060126	SL_6	=A79	WGS of Crassostrea virginica	WGS	GENOMIC	RANDOM	paired	ILLUMINA	Illumina HiSeq X	Purified genomic DNA from each individual was used to prepare paired-end libraries (Lucigen Shotgun library preparation, PCR free) and sequenced on an Illumina HiSeq X PE 150 bp platform to 10-20X coverage at the Centre d Expertise et de Services, Genome Quebec	fastq	SL_6.F.fq.gz	SL_6.R.fq.gz				
SRR24056578	SRP430712	new	PRJNA951786	SAMN34060127	SM_10	=A80	WGS of Crassostrea virginica	WGS	GENOMIC	RANDOM	paired	ILLUMINA	Illumina HiSeq X	Purified genomic DNA from each individual was used to prepare paired-end libraries (Lucigen Shotgun library preparation, PCR free) and sequenced on an Illumina HiSeq X PE 150 bp platform to 10-20X coverage at the Centre d Expertise et de Services, Genome Quebec	fastq	SM_10.F.fq.gz	SM_10.R.fq.gz				
SRR24056577	SRP430712	new	PRJNA951786	SAMN34060128	SM_11	=A81	WGS of Crassostrea virginica	WGS	GENOMIC	RANDOM	paired	ILLUMINA	Illumina HiSeq X	Purified genomic DNA from each individual was used to prepare paired-end libraries (Lucigen Shotgun library preparation, PCR free) and sequenced on an Illumina HiSeq X PE 150 bp platform to 10-20X coverage at the Centre d Expertise et de Services, Genome Quebec	fastq	SM_11.F.fq.gz	SM_11.R.fq.gz				
SRR24056575	SRP430712	new	PRJNA951786	SAMN34060129	SM_12	=A82	WGS of Crassostrea virginica	WGS	GENOMIC	RANDOM	paired	ILLUMINA	Illumina HiSeq X	Purified genomic DNA from each individual was used to prepare paired-end libraries (Lucigen Shotgun library preparation, PCR free) and sequenced on an Illumina HiSeq X PE 150 bp platform to 10-20X coverage at the Centre d Expertise et de Services, Genome Quebec	fastq	SM_12.F.fq.gz	SM_12.R.fq.gz				
SRR24056574	SRP430712	new	PRJNA951786	SAMN34060130	SM_7	=A83	WGS of Crassostrea virginica	WGS	GENOMIC	RANDOM	paired	ILLUMINA	Illumina HiSeq X	Purified genomic DNA from each individual was used to prepare paired-end libraries (Lucigen Shotgun library preparation, PCR free) and sequenced on an Illumina HiSeq X PE 150 bp platform to 10-20X coverage at the Centre d Expertise et de Services, Genome Quebec	fastq	SM_7.F.fq.gz	SM_7.R.fq.gz				
SRR24056573	SRP430712	new	PRJNA951786	SAMN34060131	SM_8	=A84	WGS of Crassostrea virginica	WGS	GENOMIC	RANDOM	paired	ILLUMINA	Illumina HiSeq X	Purified genomic DNA from each individual was used to prepare paired-end libraries (Lucigen Shotgun library preparation, PCR free) and sequenced on an Illumina HiSeq X PE 150 bp platform to 10-20X coverage at the Centre d Expertise et de Services, Genome Quebec	fastq	SM_8.F.fq.gz	SM_8.R.fq.gz				
SRR24056572	SRP430712	new	PRJNA951786	SAMN34060132	SM_9	=A85	WGS of Crassostrea virginica	WGS	GENOMIC	RANDOM	paired	ILLUMINA	Illumina HiSeq X	Purified genomic DNA from each individual was used to prepare paired-end libraries (Lucigen Shotgun library preparation, PCR free) and sequenced on an Illumina HiSeq X PE 150 bp platform to 10-20X coverage at the Centre d Expertise et de Services, Genome Quebec	fastq	SM_9.F.fq.gz	SM_9.R.fq.gz				
SRR24056571	SRP430712	new	PRJNA951786	SAMN34060133	UMFS_1	=A86	WGS of Crassostrea virginica	WGS	GENOMIC	RANDOM	paired	ILLUMINA	Illumina HiSeq X	Purified genomic DNA from each individual was used to prepare paired-end libraries (Lucigen Shotgun library preparation, PCR free) and sequenced on an Illumina HiSeq X PE 150 bp platform to 10-20X coverage at the Centre d Expertise et de Services, Genome Quebec	fastq	UMFS_1.F.fq.gz	UMFS_1.R.fq.gz				
SRR24056570	SRP430712	new	PRJNA951786	SAMN34060134	UMFS_2	=A87	WGS of Crassostrea virginica	WGS	GENOMIC	RANDOM	paired	ILLUMINA	Illumina HiSeq X	Purified genomic DNA from each individual was used to prepare paired-end libraries (Lucigen Shotgun library preparation, PCR free) and sequenced on an Illumina HiSeq X PE 150 bp platform to 10-20X coverage at the Centre d Expertise et de Services, Genome Quebec	fastq	UMFS_2.F.fq.gz	UMFS_2.R.fq.gz				
SRR24056569	SRP430712	new	PRJNA951786	SAMN34060135	UMFS_3	=A88	WGS of Crassostrea virginica	WGS	GENOMIC	RANDOM	paired	ILLUMINA	Illumina HiSeq X	Purified genomic DNA from each individual was used to prepare paired-end libraries (Lucigen Shotgun library preparation, PCR free) and sequenced on an Illumina HiSeq X PE 150 bp platform to 10-20X coverage at the Centre d Expertise et de Services, Genome Quebec	fastq	UMFS_3.F.fq.gz	UMFS_3.R.fq.gz				
SRR24056568	SRP430712	new	PRJNA951786	SAMN34060136	UMFS_4	=A89	WGS of Crassostrea virginica	WGS	GENOMIC	RANDOM	paired	ILLUMINA	Illumina HiSeq X	Purified genomic DNA from each individual was used to prepare paired-end libraries (Lucigen Shotgun library preparation, PCR free) and sequenced on an Illumina HiSeq X PE 150 bp platform to 10-20X coverage at the Centre d Expertise et de Services, Genome Quebec	fastq	UMFS_4.F.fq.gz	UMFS_4.R.fq.gz				
SRR24056626	SRP430712	new	PRJNA951786	SAMN34060137	UMFS_5	=A90	WGS of Crassostrea virginica	WGS	GENOMIC	RANDOM	paired	ILLUMINA	Illumina HiSeq X	Purified genomic DNA from each individual was used to prepare paired-end libraries (Lucigen Shotgun library preparation, PCR free) and sequenced on an Illumina HiSeq X PE 150 bp platform to 10-20X coverage at the Centre d Expertise et de Services, Genome Quebec	fastq	UMFS_5.F.fq.gz	UMFS_5.R.fq.gz				
SRR24056625	SRP430712	new	PRJNA951786	SAMN34060138	UMFS_6	=A91	WGS of Crassostrea virginica	WGS	GENOMIC	RANDOM	paired	ILLUMINA	Illumina HiSeq X	Purified genomic DNA from each individual was used to prepare paired-end libraries (Lucigen Shotgun library preparation, PCR free) and sequenced on an Illumina HiSeq X PE 150 bp platform to 10-20X coverage at the Centre d Expertise et de Services, Genome Quebec	fastq	UMFS_6.F.fq.gz	UMFS_6.R.fq.gz				
